File name,Sex,Eye Color
#0 Pic_1,F,R
#0 Pic_2,F,W
#0 Pic_3,F,R
#0 Pic_4,M,R
#0 Pic_5,F,R
#0 Pic_6,M,W
#00 Pic_1,F,R
#00 Pic_2,F,W
#00 Pic_3,F,R
#00 Pic_4,M,R
#00 Pic_5,F,R
#00 Pic_6,M,W
#2_Pic_1,F,R
#2_Pic_2,F,R
#2_Pic_3,F,W
#3_Pic_1,F,R
#3_Pic_2,F,W
#3_Pic_3,F,R
#3_Pic_4,M,W
#4Pic_1,F,R
#4Pic_2,F,W
#4Pic_3,F,R
#4Pic_4,M,W
#5 Pic_1,F,R
#5 Pic_2,F,W
#7_Pic_1,F,R
#7_Pic_2,F,R
#7_Pic_3,F,W
#8 _ Pic_1,M,R
#8 _ Pic_2,F,R
"Image 8,9,11-16 & 18-21_1",F,W
"Image 8,9, 11-16 & 18-21_2",F,W
Image 24-25_1,F,R
Image 24-25_2,F,W
Image 28-34_1,F,R
Image 28-34_2,F,R
Image 35-38_1 ,F,R
Image 35-38_2,F,W
Image 35-38_3,F,R
Image 35-38_4,M,W
Image 39-40_1,F,W
Image 39-40_2,F,R
Image 39-40_3,F,R
Image 39-40_4,M,W
Image 41_1,M,R
Image 41_2,F,R
Image 43& 47_1,F,R
Image 43& 47_ 2,F,R
Image 5_1,F,W
Image 5_2,F,W
"Image 50, 51 & 55-56_1",F,R
"Image 50, 51 & 55-56_2",F,R
"Image 50, 51 & 55-56_3",F,W
Image 57-59 & 60-62_1,F,R
Image 57-59 & 60-62_2,F,W
Image 57-59 & 60-62_3,F,R
Image 57-59 & 60-62_4,F,R
Image 57-59 & 60-62_5,F,R
Image 57-59 & 60-62_6,R,W
Image 63-68 & 70_1,F,R
Image 63-68 & 70_2,F,W
Image 63-68 & 70_3,F,R
Image 63-68 & 70_4,M,W
Image 63-68 & 70_5,M,R
Image 63-68 & 70_6,F,R
